Method,Task,MAP@5,nDCG@5,Precision@5,Recall@5,MAP@10,nDCG@10,Precision@10,Recall@10,MAP@50,nDCG@50,Precision@50,Recall@50,MRR,n_queries
BLASTP,Arch Retrieval,0.29732,0.89943,0.81426,0.30418,0.4143,0.88468,0.74136,0.42538,0.69573,0.82022,0.422,0.71733,0.92884,2343
BLASTP,Euk Retrieval,0.3368,0.88145,0.79936,0.34002,0.45251,0.86398,0.70161,0.4565,0.66847,0.78528,0.34122,0.67764,0.91352,311
